checked_at_utc,date,airline,flight_number,departure,arrival,price_inr
2026-10-06T17:28:48.782307+00:00,2026-11-29,Akasa Air,QP 1381,2026-11-29 13:55,2026-11-29 16:45,10150.0
2026-10-06T17:32:50.790815+00:00,2026-11-29,Akasa Air,QP 1381,2026-11-29 13:55,2026-11-29 16:45,10150.0
2026-10-06T22:45:27.412925+00:00,2026-11-29,Akasa Air,QP 1381,2026-11-29 13:55,2026-11-29 16:45,10150.0
2026-10-07T06:21:59.802679+00:00,2026-11-29,Akasa Air,QP 1381,2026-11-29 13:55,2026-11-29 16:45,10150.0
2026-10-07T13:47:17.071238+00:00,2026-11-29,Akasa Air,QP 1381,2026-11-29 13:55,2026-11-29 16:45,10150.0
2026-10-07T20:45:07.017638+00:00,2026-11-29,Akasa Air,QP 1381,2026-11-29 13:55,2026-11-29 16:45,10150.0
2026-10-08T01:13:49.047579+00:00,2026-11-29,Akasa Air,QP 1381,2026-11-29 13:55,2026-11-29 16:45,10150.0
2026-10-08T10:52:53.684213+00:00,2026-11-29,Akasa Air,QP 1381,2026-11-29 13:55,2026-11-29 16:45,10150.0
2026-10-08T18:59:19.087163+00:00,2026-11-29,Akasa Air,QP 1381,2026-11-29 13:55,2026-11-29 16:45,11358.0
2026-10-09T01:21:20.404215+00:00,2026-11-29,Akasa Air,QP 1381,2026-11-29 13:55,2026-11-29 16:45,10063.0
2026-10-09T10:51:42.262855+00:00,2026-11-29,Akasa Air,QP 1381,2026-11-29 13:55,2026-11-29 16:45,10063.0
2026-10-09T18:28:56.323721+00:00,2026-11-29,Akasa Air,QP 1381,2026-11-29 13:55,2026-11-29 16:45,10063.0
2026-10-09T22:51:41.037006+00:00,2026-11-29,Akasa Air,QP 1381,2026-11-29 13:55,2026-11-29 16:45,10063.0
2026-10-10T06:18:09.954655+00:00,2026-11-29,Akasa Air,QP 1381,2026-11-29 13:55,2026-11-29 16:45,10063.0
2026-10-10T12:58:11.450790+00:00,2026-11-29,Akasa Air,QP 1381,2026-11-29 13:55,2026-11-29 16:45,10063.0
2026-10-10T19:28:17.505027+00:00,2026-11-29,Akasa Air,QP 1381,2026-11-29 13:55,2026-11-29 16:45,10063.0
2026-10-11T00:23:45.515121+00:00,2026-11-29,Akasa Air,QP 1381,2026-11-29 13:55,2026-11-29 16:45,8256.0
